{
  "receivingReceptions": {
    "mean": 1.9492665036674817,
    "std": 2.598025914543054
  },
  "receivingYards": {
    "mean": 21.756356968215158,
    "std": 33.578735090464626
  },
  "receivingTouchdowns": {
    "mean": 0.13480032599837,
    "std": 0.3983584496443983
  },
  "receivingTargets": {
    "mean": 2.8489812550937246,
    "std": 3.6562552752642876
  },
  "receivingYardsAfterCatch": {
    "mean": 10.516748166259168,
    "std": 17.003486428839036
  },
  "receiving100To199YardGame": {
    "mean": 0.041809290953545235,
    "std": 0.20015720496347922
  },
  "receiving200PlusYardGame": {
    "mean": 0.0007334963325183374,
    "std": 0.02707375453770133
  },
  "passingAttempts": {
    "mean": 3.1532192339038305,
    "std": 10.123053752388593
  },
  "passingCompletions": {
    "mean": 2.0657701711491443,
    "std": 6.68313119051453
  },
  "passingYards": {
    "mean": 23.155786471067646,
    "std": 75.47357080127544
  },
  "passingTouchdowns": {
    "mean": 0.1536674816625917,
    "std": 0.5978730767710834
  },
  "passingInterceptions": {
    "mean": 0.06568867155664222,
    "std": 0.33318380139690595
  },
  "passing40PlusYardTD": {
    "mean": 0.019111654441727792,
    "std": 0.15187763981886243
  },
  "passing50PlusYardTD": {
    "mean": 0.01136919315403423,
    "std": 0.11308823106594557
  },
  "passing300To399YardGame": {
    "mean": 0.020171149144254278,
    "std": 0.14058833276417096
  },
  "passing400PlusYardGame": {
    "mean": 0.0026487367563162185,
    "std": 0.05139872181182424
  },
  "passing2PtConversions": {
    "mean": 0.007334963325183374,
    "std": 0.08815030254355913
  },
  "rushingAttempts": {
    "mean": 2.8542379788101058,
    "std": 5.57426223057589
  },
  "rushingYards": {
    "mean": 12.611735941320294,
    "std": 27.35523423054564
  },
  "rushing40PlusYardTD": {
    "mean": 0.005664221678891606,
    "std": 0.07612735130662399
  },
  "rushing50PlusYardTD": {
    "mean": 0.003871230643846781,
    "std": 0.06339879487953323
  },
  "rushing100To199YardGame": {
    "mean": 0.02367563162184189,
    "std": 0.15203959373462536
  },
  "rushing200PlusYardGame": {
    "mean": 0.0005297473512632437,
    "std": 0.02301061267213966
  },
  "rushingTouchdowns": {
    "mean": 0.10285248573757132,
    "std": 0.36662599281426944
  },
  "passingTimesSacked": {
    "mean": 0.20904645476772615,
    "std": 0.8240049362290056
  },
  "fumbles": {
    "mean": 0.09050529747351263,
    "std": 0.3358564168755492
  },
  "lostFumbles": {
    "mean": 0.04307253463732681,
    "std": 0.2164316800037092
  },
  "turnovers": {
    "mean": 0.10876120619396903,
    "std": 0.42434552943747594
  },
  "madeFieldGoalsFrom50Plus": {
    "mean": 0.023960880195599023,
    "std": 0.18054788481630624
  },
  "attemptedFieldGoalsFrom50Plus": {
    "mean": 0.03484107579462103,
    "std": 0.22381272117948736
  },
  "madeFieldGoalsFromUnder40": {
    "mean": 0.08003259983700081,
    "std": 0.3834899066382633
  },
  "attemptedFieldGoalsFromUnder40": {
    "mean": 0.0837000814995925,
    "std": 0.3957927003274526
  },
  "madeFieldGoals": {
    "mean": 0.14095354523227385,
    "std": 0.5872798130664694
  },
  "attemptedFieldGoals": {
    "mean": 0.16454767726161368,
    "std": 0.6643806940596105
  },
  "madeExtraPoints": {
    "mean": 0.1917277913610432,
    "std": 0.7734257594765189
  },
  "attemptedExtraPoints": {
    "mean": 0.20138549307253464,
    "std": 0.801521457922055
  }
}