{
  "receivingReceptions": {
    "mean": 1.9492665036674817,
    "std": 2.598025914543054
  },
  "receivingYards": {
    "mean": 21.756356968215158,
    "std": 33.578735090464626
  },
  "receivingTouchdowns": {
    "mean": 0.13480032599837,
    "std": 0.3983584496443983
  },
  "receivingTargets": {
    "mean": 2.8489812550937246,
    "std": 3.6562552752642876
  },
  "receivingYardsAfterCatch": {
    "mean": 10.516748166259168,
    "std": 17.003486428839036
  },
  "receiving100To199YardGame": {
    "mean": 0.041809290953545235,
    "std": 0.20015720496347922
  },
  "receiving200PlusYardGame": {
    "mean": 0.0007334963325183374,
    "std": 0.02707375453770133
  },
  "passingAttempts": {
    "mean": 3.1532192339038305,
    "std": 10.123053752388593
  },
  "passingCompletions": {
    "mean": 2.0657701711491443,
    "std": 6.68313119051453
  },
  "passingYards": {
    "mean": 23.155786471067646,
    "std": 75.47357080127544
  },
  "passingTouchdowns": {
    "mean": 0.1536674816625917,
    "std": 0.5978730767710834
  },
  "passingInterceptions": {
    "mean": 0.06568867155664222,
    "std": 0.33318380139690595
  },
  "passing40PlusYardTD": {
    "mean": 0.019111654441727792,
    "std": 0.15187763981886243
  },
  "passing50PlusYardTD": {
    "mean": 0.01136919315403423,
    "std": 0.11308823106594557
  },
  "passing300To399YardGame": {
    "mean": 0.020171149144254278,
    "std": 0.14058833276417096
  },
  "passing400PlusYardGame": {
    "mean": 0.0026487367563162185,
    "std": 0.05139872181182424
  },
  "passing2PtConversions": {
    "mean": 0.007334963325183374,
    "std": 0.08815030254355913
  },
  "rushingAttempts": {
    "mean": 2.8542379788101058,
    "std": 5.57426223057589
  },
  "rushingYards": {
    "mean": 12.611735941320294,
    "std": 27.35523423054564
  },
  "rushing40PlusYardTD": {
    "mean": 0.005664221678891606,
    "std": 0.07612735130662399
  },
  "rushing50PlusYardTD": {
    "mean": 0.003871230643846781,
    "std": 0.06339879487953323
  },
  "rushing100To199YardGame": {
    "mean": 0.02367563162184189,
    "std": 0.15203959373462536
  },
  "rushing200PlusYardGame": {
    "mean": 0.0005297473512632437,
    "std": 0.02301061267213966
  },
  "rushingTouchdowns": {
    "mean": 0.10285248573757132,
    "std": 0.36662599281426944
  },
  "passingTimesSacked": {
    "mean": 0.20904645476772615,
    "std": 0.8240049362290056
  },
  "fumbles": {
    "mean": 0.09050529747351263,
    "std": 0.3358564168755492
  },
  "lostFumbles": {
    "mean": 0.04307253463732681,
    "std": 0.2164316800037092
  },
  "turnovers": {
    "mean": 0.10876120619396903,
    "std": 0.42434552943747594
  },
  "madeFieldGoalsFrom50Plus": {
    "mean": 0.023960880195599023,
    "std": 0.18054788481630624
  },
  "attemptedFieldGoalsFrom50Plus": {
    "mean": 0.03484107579462103,
    "std": 0.22381272117948736
  },
  "madeFieldGoalsFromUnder40": {
    "mean": 0.08003259983700081,
    "std": 0.3834899066382633
  },
  "attemptedFieldGoalsFromUnder40": {
    "mean": 0.0837000814995925,
    "std": 0.3957927003274526
  },
  "madeFieldGoals": {
    "mean": 0.14095354523227385,
    "std": 0.5872798130664694
  },
  "attemptedFieldGoals": {
    "mean": 0.16454767726161368,
    "std": 0.6643806940596105
  },
  "madeExtraPoints": {
    "mean": 0.1917277913610432,
    "std": 0.7734257594765189
  },
  "attemptedExtraPoints": {
    "mean": 0.20138549307253464,
    "std": 0.801521457922055
  },
  "def_pi_receivingYards": {
    "mean": -0.0004576246991405546,
    "std": 0.16029922445462103
  },
  "def_pi_receivingReceptions": {
    "mean": -0.0007217212625654864,
    "std": 0.1318665838767115
  },
  "def_pi_receivingTouchdowns": {
    "mean": -0.001921953601852702,
    "std": 0.40268112513675314
  },
  "def_pi_receivingTargets": {
    "mean": -0.0004334966224444876,
    "std": 0.11561159955161772
  },
  "def_pi_receivingYardsAfterCatch": {
    "mean": -0.0004027781017725176,
    "std": 0.1721441579436603
  },
  "def_pi_receiving100To199YardGame": {
    "mean": 0.00026810790304575527,
    "std": 0.35759979679971393
  },
  "def_pi_receiving200PlusYardGame": {
    "mean": -0.0005405243331898634,
    "std": 0.13874606564177322
  },
  "def_pi_rushingYards": {
    "mean": -0.002448245891996243,
    "std": 0.5777989169407528
  },
  "def_pi_rushingTouchdowns": {
    "mean": -0.0011947519337208612,
    "std": 0.3718637847627501
  },
  "def_pi_rushingAttempts": {
    "mean": 0.0005602311652935688,
    "std": 0.2961805601839703
  },
  "def_pi_rushing40PlusYardTD": {
    "mean": 0.00035650373564334007,
    "std": 0.3006984043510326
  },
  "def_pi_rushing50PlusYardTD": {
    "mean": 0.00019016167630701636,
    "std": 0.26136030676330824
  },
  "def_pi_rushing100To199YardGame": {
    "mean": -0.0011418901666323527,
    "std": 0.35223494674536254
  },
  "def_pi_rushing200PlusYardGame": {
    "mean": -0.00013503165996119827,
    "std": 0.11071367460237987
  },
  "def_pi_passingYards": {
    "mean": -0.0002437745192329951,
    "std": 0.054506032395627096
  },
  "def_pi_passingTouchdowns": {
    "mean": -0.0005740186597274221,
    "std": 0.08759308004696821
  },
  "def_pi_passingInterceptions": {
    "mean": 7.80624767799408e-05,
    "std": 0.12158797425751619
  },
  "def_pi_passingAttempts": {
    "mean": -0.00029581200283416515,
    "std": 0.05661709989712183
  },
  "def_pi_passingCompletions": {
    "mean": -0.00031020851897072633,
    "std": 0.053564807523323744
  },
  "def_pi_passing40PlusYardTD": {
    "mean": 0.00010825240862975097,
    "std": 0.185217803091965
  },
  "def_pi_passing50PlusYardTD": {
    "mean": 0.0001964228973943889,
    "std": 0.21483993995711248
  },
  "def_pi_passing300To399YardGame": {
    "mean": 0.0002534388938924956,
    "std": 0.16963698129194987
  },
  "def_pi_passing400PlusYardGame": {
    "mean": 0.00025498103092376945,
    "std": 0.14531765938640248
  },
  "def_pi_passing2PtConversions": {
    "mean": -0.0002127864799444286,
    "std": 0.2020275663792851
  },
  "def_pi_madeFieldGoals": {
    "mean": -0.00021536401193971837,
    "std": 0.04935143349893589
  },
  "def_pi_attemptedFieldGoals": {
    "mean": -0.00013423345565748867,
    "std": 0.04521382358990923
  },
  "def_pi_madeExtraPoints": {
    "mean": -0.0001890743384809583,
    "std": 0.051753528672190574
  },
  "def_pi_attemptedExtraPoints": {
    "mean": -0.0001287162803447968,
    "std": 0.049104976392817315
  },
  "def_pi_madeFieldGoalsFrom50Plus": {
    "mean": -0.00033887306941256067,
    "std": 0.13115758416806894
  },
  "def_pi_attemptedFieldGoalsFrom50Plus": {
    "mean": -0.00018375023618487062,
    "std": 0.10502339065155486
  },
  "def_pi_madeFieldGoalsFromUnder40": {
    "mean": -0.00010552314861768353,
    "std": 0.06438545917773035
  },
  "def_pi_attemptedFieldGoalsFromUnder40": {
    "mean": -0.0001147247028967868,
    "std": 0.06108856341915194
  }
}